{
    "PETROLEO_PRODUCAO_GAS_NATURAL": 9.84834901148502,
    "CESTA_BASICA_RJ": 10.474565110183093,
    "PETROLEO_PRODUCAO_OLEO_BRUTO": 10.890151835468995,
    "PETROLEO_PRODUCAO_TOTAL": 11.187559183135663,
    "TOTAL_RECEITA_TRIBUTARIA_RJ": 12.144201684324544,
    "ENERGIA_CONSUMO_RESIDENCIAL_SUDESTE": 12.559081628510137,
    "ENERGIA_CONSUMO_TOTAL_SUDESTE": 13.792239227862686,
    "PETROLEO_CONSUMO_GASOLINA": 15.556387135507583,
    "PETROLEO_CONSUMO_TOTAL": 15.97342733638223,
    "PETROLEO_CONSUMO_OLEO_DIESEL": 16.34113835099994,
    "PETROLEO_PRODUCAO_LGN": 16.442417100786088,
    "ENERGIA_CONSUMO_COMERCIAL_SUDESTE": 17.337479676785772,
    "VOLUME_VENDAS_VAREJO_MOVEIS_ELETRODOMESTICOS_RJ": 19.888545131449074,
    "VOLUME_VENDAS_VAREJO_TOTAL_RJ": 20.48117406112476,
    "VOLUME_VENDAS_VAREJO_MERCADOS_RJ": 21.225592870767514,
    "ENERGIA_CONSUMO_COMERCIAL_RJ": 22.3001254903672,
    "PETROLEO_CONSUMO_GLP": 23.15737748817706,
    "ENERGIA_CONSUMO_TOTAL_RJ": 23.70916891204817,
    "VOLUME_VENDAS_VAREJO_SUPERMERCADOS_RJ": 24.133704293061747,
    "ITCD_RJ": 24.91762817695976,
    "ENERGIA_CONSUMO_RESIDENCIAL_RJ": 26.94626839097584,
    "VOLUME_VENDAS_VAREJO_AUTOMOVEIS_RJ": 27.765260481328824,
    "TOTAL_ARR_OUTROS_TRIBUTOS_RJ": 27.946205909443226,
    "ENERGIA_CONSUMO_INDUSTRIAL_SUDESTE": 33.289644519881634,
    "IPVA_RJ": 42.76311903539494,
    "VOLUME_VENDAS_VAREJO_LOJAS_RJ": 44.08038824612587,
    "PETROLEO_CONSUMO_DEMAIS_DERIVADOS": 46.58019387232477,
    "VOLUME_VENDAS_VAREJO_COMBUSTIVEIS_RJ": 57.200977203335896,
    "ENERGIA_CONSUMO_INDUSTRIAL_RJ": 60.841572282304966,
    "PETROLEO_CONSUMO_OLEO_COMBUSTIVEL": 81.53207453561957
}